timestamp,config_json,valid,reliability,cum_cpu_time,combined_score,n_solved,status_counts_json
1783998046.725,"{""constraint_relaxation_strategy"": ""feasibility_restoration"", ""globalization_mechanism"": ""TR"", ""globalization_strategy"": ""fletcher_filter_method"", ""hessian_model"": ""exact"", ""inequality_handling_method"": ""inequality_constrained"", ""inertia_correction_strategy"": ""none""}",1,0.975610,1.3322,1.073389,120,"{""solved"": 120, ""unsolved"": 3}"
1783998072.950,"{""constraint_relaxation_strategy"": ""feasibility_restoration"", ""globalization_mechanism"": ""TR"", ""globalization_strategy"": ""waechter_filter_method"", ""hessian_model"": ""exact"", ""inequality_handling_method"": ""inequality_constrained"", ""inertia_correction_strategy"": ""none""}",1,0.975610,1.5492,1.073028,120,"{""solved"": 120, ""unsolved"": 3}"
1783998098.036,"{""constraint_relaxation_strategy"": ""feasibility_restoration"", ""globalization_mechanism"": ""TR"", ""globalization_strategy"": ""fletcher_filter_method"", ""hessian_model"": ""exact"", ""inequality_handling_method"": ""inequality_constrained"", ""inertia_correction_strategy"": ""primal""}",1,0.934959,23.5673,0.995681,115,"{""solved"": 115, ""unsolved"": 8}"
1783998131.959,"{""constraint_relaxation_strategy"": ""feasibility_restoration"", ""globalization_mechanism"": ""TR"", ""globalization_strategy"": ""fletcher_filter_method"", ""hessian_model"": ""exact"", ""inequality_handling_method"": ""inequality_constrained"", ""inertia_correction_strategy"": ""primal""}",1,0.934959,23.5673,0.995681,115,"{""solved"": 115, ""unsolved"": 8}"
1783998164.344,"{""constraint_relaxation_strategy"": ""feasibility_restoration"", ""globalization_mechanism"": ""TR"", ""globalization_strategy"": ""fletcher_filter_method"", ""hessian_model"": ""exact"", ""inequality_handling_method"": ""inequality_constrained"", ""inertia_correction_strategy"": ""primal""}",1,0.934959,23.5673,0.995681,115,"{""solved"": 115, ""unsolved"": 8}"
1783998189.322,"{""constraint_relaxation_strategy"": ""feasibility_restoration"", ""globalization_mechanism"": ""LS"", ""globalization_strategy"": ""waechter_filter_method"", ""hessian_model"": ""exact"", ""inequality_handling_method"": ""inequality_constrained"", ""inertia_correction_strategy"": ""primal""}",1,0.943089,18.3124,1.012569,116,"{""solved"": 116, ""unsolved"": 7}"
1783998519.214,"{""constraint_relaxation_strategy"": ""feasibility_restoration"", ""globalization_mechanism"": ""TR"", ""globalization_strategy"": ""fletcher_filter_method"", ""hessian_model"": ""exact"", ""inequality_handling_method"": ""inequality_constrained"", ""inertia_correction_strategy"": ""none""}",1,0.975610,1.3322,1.073389,120,"{""solved"": 120, ""unsolved"": 3}"
1783998541.900,"{""constraint_relaxation_strategy"": ""feasibility_restoration"", ""globalization_mechanism"": ""TR"", ""globalization_strategy"": ""fletcher_filter_method"", ""hessian_model"": ""exact"", ""inequality_handling_method"": ""inequality_constrained"", ""inertia_correction_strategy"": ""primal_dual""}",1,0.000000,0.6369,0.098939,0,"{""unsolved"": 123}"
1783998570.024,"{""constraint_relaxation_strategy"": ""feasibility_restoration"", ""globalization_mechanism"": ""TR"", ""globalization_strategy"": ""fletcher_filter_method"", ""hessian_model"": ""exact"", ""inequality_handling_method"": ""inequality_constrained"", ""inertia_correction_strategy"": ""primal""}",1,0.934959,23.5673,0.995681,115,"{""solved"": 115, ""unsolved"": 8}"
1783998720.339,"{""constraint_relaxation_strategy"": ""feasibility_restoration"", ""globalization_mechanism"": ""TR"", ""globalization_strategy"": ""merit_function"", ""hessian_model"": ""exact"", ""inequality_handling_method"": ""inequality_constrained"", ""inertia_correction_strategy"": ""none""}",1,0.878049,3.8017,0.971713,108,"{""solved"": 108, ""unsolved"": 15}"
1783998733.519,"{""constraint_relaxation_strategy"": ""feasibility_restoration"", ""globalization_mechanism"": ""TR"", ""globalization_strategy"": ""fletcher_filter_method"", ""hessian_model"": ""exact"", ""inequality_handling_method"": ""inequality_constrained"", ""inertia_correction_strategy"": ""none""}",1,0.975610,1.3322,1.073389,120,"{""solved"": 120, ""unsolved"": 3}"
1783998759.987,"{""constraint_relaxation_strategy"": ""feasibility_restoration"", ""globalization_mechanism"": ""TR"", ""globalization_strategy"": ""waechter_filter_method"", ""hessian_model"": ""exact"", ""inequality_handling_method"": ""inequality_constrained"", ""inertia_correction_strategy"": ""primal""}",1,0.934959,25.5173,0.992430,115,"{""solved"": 115, ""unsolved"": 8}"
1783998791.107,"{""constraint_relaxation_strategy"": ""feasibility_restoration"", ""globalization_mechanism"": ""LS"", ""globalization_strategy"": ""waechter_filter_method"", ""hessian_model"": ""exact"", ""inequality_handling_method"": ""interior_point"", ""inertia_correction_strategy"": ""primal_dual""}",1,0.926829,5.0646,1.018388,114,"{""solved"": 114, ""unsolved"": 9}"
1783998815.936,"{""constraint_relaxation_strategy"": ""feasibility_restoration"", ""globalization_mechanism"": ""TR"", ""globalization_strategy"": ""waechter_filter_method"", ""hessian_model"": ""exact"", ""inequality_handling_method"": ""inequality_constrained"", ""inertia_correction_strategy"": ""none""}",1,0.975610,1.5492,1.073028,120,"{""solved"": 120, ""unsolved"": 3}"
1783998863.898,"{""constraint_relaxation_strategy"": ""feasibility_restoration"", ""globalization_mechanism"": ""TR"", ""globalization_strategy"": ""fletcher_filter_method"", ""hessian_model"": ""exact"", ""inequality_handling_method"": ""interior_point"", ""inertia_correction_strategy"": ""primal""}",1,0.292683,60.9700,0.292683,36,"{""solved"": 36, ""unsolved"": 86, ""timeout"": 1}"
1783998886.818,"{""constraint_relaxation_strategy"": ""feasibility_restoration"", ""globalization_mechanism"": ""LS"", ""globalization_strategy"": ""waechter_filter_method"", ""hessian_model"": ""exact"", ""inequality_handling_method"": ""interior_point"", ""inertia_correction_strategy"": ""primal_dual""}",1,0.926829,5.0646,1.018388,114,"{""solved"": 114, ""unsolved"": 9}"
1783998901.063,"{""constraint_relaxation_strategy"": ""feasibility_restoration"", ""globalization_mechanism"": ""TR"", ""globalization_strategy"": ""fletcher_filter_method"", ""hessian_model"": ""exact"", ""inequality_handling_method"": ""inequality_constrained"", ""inertia_correction_strategy"": ""none""}",1,0.975610,1.3322,1.073389,120,"{""solved"": 120, ""unsolved"": 3}"
1783998935.185,"{""constraint_relaxation_strategy"": ""feasibility_restoration"", ""globalization_mechanism"": ""LS"", ""globalization_strategy"": ""fletcher_filter_method"", ""hessian_model"": ""exact"", ""inequality_handling_method"": ""inequality_constrained"", ""inertia_correction_strategy"": ""primal""}",1,0.943089,18.9300,1.011539,116,"{""solved"": 116, ""unsolved"": 7}"
1783998963.164,"{""constraint_relaxation_strategy"": ""feasibility_restoration"", ""globalization_mechanism"": ""LS"", ""globalization_strategy"": ""funnel_method"", ""hessian_model"": ""exact"", ""inequality_handling_method"": ""interior_point"", ""inertia_correction_strategy"": ""primal_dual""}",1,0.967480,4.4069,1.060135,119,"{""solved"": 119, ""unsolved"": 4}"
1783998995.448,"{""constraint_relaxation_strategy"": ""feasibility_restoration"", ""globalization_mechanism"": ""TR"", ""globalization_strategy"": ""funnel_method"", ""hessian_model"": ""exact"", ""inequality_handling_method"": ""inequality_constrained"", ""inertia_correction_strategy"": ""none""}",1,0.967480,1.1645,1.065539,119,"{""solved"": 119, ""unsolved"": 4}"
1783999014.242,"{""constraint_relaxation_strategy"": ""feasibility_restoration"", ""globalization_mechanism"": ""LS"", ""globalization_strategy"": ""fletcher_filter_method"", ""hessian_model"": ""exact"", ""inequality_handling_method"": ""inequality_constrained"", ""inertia_correction_strategy"": ""primal""}",1,0.943089,18.9300,1.011539,116,"{""solved"": 116, ""unsolved"": 7}"
1783999042.913,"{""constraint_relaxation_strategy"": ""feasibility_restoration"", ""globalization_mechanism"": ""TR"", ""globalization_strategy"": ""funnel_method"", ""hessian_model"": ""exact"", ""inequality_handling_method"": ""interior_point"", ""inertia_correction_strategy"": ""primal_dual""}",1,0.000000,0.8903,0.098516,0,"{""unsolved"": 123}"
1783999095.585,"{""constraint_relaxation_strategy"": ""feasibility_restoration"", ""globalization_mechanism"": ""TR"", ""globalization_strategy"": ""fletcher_filter_method"", ""hessian_model"": ""LSR1"", ""inequality_handling_method"": ""inequality_constrained"", ""inertia_correction_strategy"": ""none""}",1,0.886179,5.7614,0.976576,109,"{""solved"": 109, ""unsolved"": 14}"
1783999126.287,"{""constraint_relaxation_strategy"": ""feasibility_restoration"", ""globalization_mechanism"": ""LS"", ""globalization_strategy"": ""funnel_method"", ""hessian_model"": ""exact"", ""inequality_handling_method"": ""inequality_constrained"", ""inertia_correction_strategy"": ""primal""}",1,0.934959,19.5576,1.002363,115,"{""solved"": 115, ""unsolved"": 8}"
1783999148.623,"{""constraint_relaxation_strategy"": ""feasibility_restoration"", ""globalization_mechanism"": ""LS"", ""globalization_strategy"": ""funnel_method"", ""hessian_model"": ""exact"", ""inequality_handling_method"": ""interior_point"", ""inertia_correction_strategy"": ""primal_dual""}",1,0.967480,4.4069,1.060135,119,"{""solved"": 119, ""unsolved"": 4}"
1783999160.132,"{""constraint_relaxation_strategy"": ""feasibility_restoration"", ""globalization_mechanism"": ""TR"", ""globalization_strategy"": ""fletcher_filter_method"", ""hessian_model"": ""exact"", ""inequality_handling_method"": ""inequality_constrained"", ""inertia_correction_strategy"": ""none""}",1,0.975610,1.3322,1.073389,120,"{""solved"": 120, ""unsolved"": 3}"
1783999197.299,"{""constraint_relaxation_strategy"": ""feasibility_restoration"", ""globalization_mechanism"": ""LS"", ""globalization_strategy"": ""fletcher_filter_method"", ""hessian_model"": ""exact"", ""inequality_handling_method"": ""inequality_constrained"", ""inertia_correction_strategy"": ""primal_dual""}",1,0.162602,0.8309,0.261217,20,"{""solved"": 20, ""unsolved"": 103}"
1783999218.392,"{""constraint_relaxation_strategy"": ""feasibility_restoration"", ""globalization_mechanism"": ""LS"", ""globalization_strategy"": ""funnel_method"", ""hessian_model"": ""exact"", ""inequality_handling_method"": ""interior_point"", ""inertia_correction_strategy"": ""primal_dual""}",1,0.967480,4.4069,1.060135,119,"{""solved"": 119, ""unsolved"": 4}"
1783999282.507,"{""constraint_relaxation_strategy"": ""feasibility_restoration"", ""globalization_mechanism"": ""TR"", ""globalization_strategy"": ""fletcher_filter_method"", ""hessian_model"": ""exact"", ""inequality_handling_method"": ""interior_point"", ""inertia_correction_strategy"": ""none""}",1,0.284553,190.3078,0.284553,35,"{""solved"": 35, ""unsolved"": 80, ""timeout"": 8}"
1783999303.815,"{""constraint_relaxation_strategy"": ""feasibility_restoration"", ""globalization_mechanism"": ""LS"", ""globalization_strategy"": ""fletcher_filter_method"", ""hessian_model"": ""exact"", ""inequality_handling_method"": ""inequality_constrained"", ""inertia_correction_strategy"": ""primal""}",1,0.943089,18.9300,1.011539,116,"{""solved"": 116, ""unsolved"": 7}"
1783999321.229,"{""constraint_relaxation_strategy"": ""feasibility_restoration"", ""globalization_mechanism"": ""LS"", ""globalization_strategy"": ""funnel_method"", ""hessian_model"": ""exact"", ""inequality_handling_method"": ""interior_point"", ""inertia_correction_strategy"": ""primal_dual""}",1,0.967480,4.4069,1.060135,119,"{""solved"": 119, ""unsolved"": 4}"
1783999342.259,"{""constraint_relaxation_strategy"": ""feasibility_restoration"", ""globalization_mechanism"": ""TR"", ""globalization_strategy"": ""fletcher_filter_method"", ""hessian_model"": ""exact"", ""inequality_handling_method"": ""interior_point"", ""inertia_correction_strategy"": ""primal_dual""}",1,0.000000,0.6368,0.098939,0,"{""unsolved"": 123}"
1783999357.516,"{""constraint_relaxation_strategy"": ""feasibility_restoration"", ""globalization_mechanism"": ""LS"", ""globalization_strategy"": ""fletcher_filter_method"", ""hessian_model"": ""exact"", ""inequality_handling_method"": ""inequality_constrained"", ""inertia_correction_strategy"": ""primal""}",1,0.943089,18.9300,1.011539,116,"{""solved"": 116, ""unsolved"": 7}"
1783999381.906,"{""constraint_relaxation_strategy"": ""feasibility_restoration"", ""globalization_mechanism"": ""TR"", ""globalization_strategy"": ""funnel_method"", ""hessian_model"": ""exact"", ""inequality_handling_method"": ""interior_point"", ""inertia_correction_strategy"": ""primal_dual""}",1,0.000000,0.8903,0.098516,0,"{""unsolved"": 123}"
1783999409.484,"{""constraint_relaxation_strategy"": ""feasibility_restoration"", ""globalization_mechanism"": ""TR"", ""globalization_strategy"": ""fletcher_filter_method"", ""hessian_model"": ""exact"", ""inequality_handling_method"": ""inequality_constrained"", ""inertia_correction_strategy"": ""none""}",1,0.975610,1.3322,1.073389,120,"{""solved"": 120, ""unsolved"": 3}"
1783999421.978,"{""constraint_relaxation_strategy"": ""feasibility_restoration"", ""globalization_mechanism"": ""LS"", ""globalization_strategy"": ""fletcher_filter_method"", ""hessian_model"": ""exact"", ""inequality_handling_method"": ""inequality_constrained"", ""inertia_correction_strategy"": ""primal""}",1,0.943089,18.9300,1.011539,116,"{""solved"": 116, ""unsolved"": 7}"
1783999451.375,"{""constraint_relaxation_strategy"": ""feasibility_restoration"", ""globalization_mechanism"": ""LS"", ""globalization_strategy"": ""funnel_method"", ""hessian_model"": ""LBFGS"", ""inequality_handling_method"": ""interior_point"", ""inertia_correction_strategy"": ""primal_dual""}",1,0.902439,13.7072,0.979594,111,"{""solved"": 111, ""unsolved"": 12}"
1783999468.468,"{""constraint_relaxation_strategy"": ""feasibility_restoration"", ""globalization_mechanism"": ""TR"", ""globalization_strategy"": ""fletcher_filter_method"", ""hessian_model"": ""exact"", ""inequality_handling_method"": ""inequality_constrained"", ""inertia_correction_strategy"": ""none""}",1,0.975610,1.3322,1.073389,120,"{""solved"": 120, ""unsolved"": 3}"
1783999488.592,"{""constraint_relaxation_strategy"": ""feasibility_restoration"", ""globalization_mechanism"": ""LS"", ""globalization_strategy"": ""waechter_filter_method"", ""hessian_model"": ""exact"", ""inequality_handling_method"": ""inequality_constrained"", ""inertia_correction_strategy"": ""primal""}",1,0.943089,18.3124,1.012569,116,"{""solved"": 116, ""unsolved"": 7}"
1783999520.060,"{""constraint_relaxation_strategy"": ""feasibility_restoration"", ""globalization_mechanism"": ""LS"", ""globalization_strategy"": ""funnel_method"", ""hessian_model"": ""exact"", ""inequality_handling_method"": ""interior_point"", ""inertia_correction_strategy"": ""primal_dual""}",1,0.967480,4.4069,1.060135,119,"{""solved"": 119, ""unsolved"": 4}"
1783999548.402,"{""constraint_relaxation_strategy"": ""feasibility_restoration"", ""globalization_mechanism"": ""TR"", ""globalization_strategy"": ""fletcher_filter_method"", ""hessian_model"": ""exact"", ""inequality_handling_method"": ""inequality_constrained"", ""inertia_correction_strategy"": ""primal_dual""}",1,0.000000,0.6369,0.098939,0,"{""unsolved"": 123}"
1783999563.590,"{""constraint_relaxation_strategy"": ""feasibility_restoration"", ""globalization_mechanism"": ""LS"", ""globalization_strategy"": ""waechter_filter_method"", ""hessian_model"": ""exact"", ""inequality_handling_method"": ""inequality_constrained"", ""inertia_correction_strategy"": ""primal""}",1,0.943089,18.3124,1.012569,116,"{""solved"": 116, ""unsolved"": 7}"
1783999582.694,"{""constraint_relaxation_strategy"": ""feasibility_restoration"", ""globalization_mechanism"": ""TR"", ""globalization_strategy"": ""funnel_method"", ""hessian_model"": ""exact"", ""inequality_handling_method"": ""interior_point"", ""inertia_correction_strategy"": ""primal_dual""}",1,0.000000,0.8903,0.098516,0,"{""unsolved"": 123}"
1783999600.393,"{""constraint_relaxation_strategy"": ""feasibility_restoration"", ""globalization_mechanism"": ""TR"", ""globalization_strategy"": ""fletcher_filter_method"", ""hessian_model"": ""exact"", ""inequality_handling_method"": ""inequality_constrained"", ""inertia_correction_strategy"": ""none""}",1,0.975610,1.3322,1.073389,120,"{""solved"": 120, ""unsolved"": 3}"
1783999615.921,"{""constraint_relaxation_strategy"": ""feasibility_restoration"", ""globalization_mechanism"": ""LS"", ""globalization_strategy"": ""waechter_filter_method"", ""hessian_model"": ""exact"", ""inequality_handling_method"": ""inequality_constrained"", ""inertia_correction_strategy"": ""primal""}",1,0.943089,18.3124,1.012569,116,"{""solved"": 116, ""unsolved"": 7}"
1783999639.067,"{""constraint_relaxation_strategy"": ""feasibility_restoration"", ""globalization_mechanism"": ""LS"", ""globalization_strategy"": ""funnel_method"", ""hessian_model"": ""exact"", ""inequality_handling_method"": ""inequality_constrained"", ""inertia_correction_strategy"": ""primal_dual""}",1,0.170732,1.0125,0.269044,21,"{""solved"": 21, ""unsolved"": 102}"
1783999674.661,"{""constraint_relaxation_strategy"": ""feasibility_restoration"", ""globalization_mechanism"": ""TR"", ""globalization_strategy"": ""fletcher_filter_method"", ""hessian_model"": ""exact"", ""inequality_handling_method"": ""inequality_constrained"", ""inertia_correction_strategy"": ""primal""}",1,0.934959,23.5673,0.995681,115,"{""solved"": 115, ""unsolved"": 8}"
1783999689.791,"{""constraint_relaxation_strategy"": ""feasibility_restoration"", ""globalization_mechanism"": ""LS"", ""globalization_strategy"": ""waechter_filter_method"", ""hessian_model"": ""exact"", ""inequality_handling_method"": ""inequality_constrained"", ""inertia_correction_strategy"": ""primal""}",1,0.943089,18.3124,1.012569,116,"{""solved"": 116, ""unsolved"": 7}"
1783999705.852,"{""constraint_relaxation_strategy"": ""feasibility_restoration"", ""globalization_mechanism"": ""LS"", ""globalization_strategy"": ""funnel_method"", ""hessian_model"": ""exact"", ""inequality_handling_method"": ""interior_point"", ""inertia_correction_strategy"": ""primal_dual""}",1,0.967480,4.4069,1.060135,119,"{""solved"": 119, ""unsolved"": 4}"
1783999724.217,"{""constraint_relaxation_strategy"": ""feasibility_restoration"", ""globalization_mechanism"": ""TR"", ""globalization_strategy"": ""fletcher_filter_method"", ""hessian_model"": ""exact"", ""inequality_handling_method"": ""inequality_constrained"", ""inertia_correction_strategy"": ""none""}",1,0.975610,1.3322,1.073389,120,"{""solved"": 120, ""unsolved"": 3}"
1783999739.071,"{""constraint_relaxation_strategy"": ""feasibility_restoration"", ""globalization_mechanism"": ""LS"", ""globalization_strategy"": ""waechter_filter_method"", ""hessian_model"": ""exact"", ""inequality_handling_method"": ""inequality_constrained"", ""inertia_correction_strategy"": ""primal""}",1,0.943089,18.3124,1.012569,116,"{""solved"": 116, ""unsolved"": 7}"
1783999753.875,"{""constraint_relaxation_strategy"": ""feasibility_restoration"", ""globalization_mechanism"": ""LS"", ""globalization_strategy"": ""funnel_method"", ""hessian_model"": ""exact"", ""inequality_handling_method"": ""interior_point"", ""inertia_correction_strategy"": ""primal_dual""}",1,0.967480,4.4069,1.060135,119,"{""solved"": 119, ""unsolved"": 4}"
1783999774.967,"{""constraint_relaxation_strategy"": ""feasibility_restoration"", ""globalization_mechanism"": ""TR"", ""globalization_strategy"": ""fletcher_filter_method"", ""hessian_model"": ""exact"", ""inequality_handling_method"": ""inequality_constrained"", ""inertia_correction_strategy"": ""none""}",1,0.975610,1.3322,1.073389,120,"{""solved"": 120, ""unsolved"": 3}"
1783999812.155,"{""constraint_relaxation_strategy"": ""feasibility_restoration"", ""globalization_mechanism"": ""LS"", ""globalization_strategy"": ""waechter_filter_method"", ""hessian_model"": ""exact"", ""inequality_handling_method"": ""inequality_constrained"", ""inertia_correction_strategy"": ""primal_dual""}",1,0.162602,1.0201,0.260901,20,"{""solved"": 20, ""unsolved"": 103}"
1783999831.088,"{""constraint_relaxation_strategy"": ""feasibility_restoration"", ""globalization_mechanism"": ""LS"", ""globalization_strategy"": ""funnel_method"", ""hessian_model"": ""exact"", ""inequality_handling_method"": ""inequality_constrained"", ""inertia_correction_strategy"": ""primal_dual""}",1,0.170732,1.0125,0.269044,21,"{""solved"": 21, ""unsolved"": 102}"
1783999857.731,"{""constraint_relaxation_strategy"": ""feasibility_restoration"", ""globalization_mechanism"": ""TR"", ""globalization_strategy"": ""waechter_filter_method"", ""hessian_model"": ""exact"", ""inequality_handling_method"": ""interior_point"", ""inertia_correction_strategy"": ""primal_dual""}",1,0.000000,0.6815,0.098864,0,"{""unsolved"": 123}"
1783999873.048,"{""constraint_relaxation_strategy"": ""feasibility_restoration"", ""globalization_mechanism"": ""LS"", ""globalization_strategy"": ""waechter_filter_method"", ""hessian_model"": ""exact"", ""inequality_handling_method"": ""inequality_constrained"", ""inertia_correction_strategy"": ""primal""}",1,0.943089,18.3124,1.012569,116,"{""solved"": 116, ""unsolved"": 7}"
1783999913.338,"{""constraint_relaxation_strategy"": ""feasibility_restoration"", ""globalization_mechanism"": ""LS"", ""globalization_strategy"": ""funnel_method"", ""hessian_model"": ""LSR1"", ""inequality_handling_method"": ""interior_point"", ""inertia_correction_strategy"": ""primal""}",1,0.439024,49.8524,0.455937,54,"{""unsolved"": 69, ""solved"": 54}"
1783999929.613,"{""constraint_relaxation_strategy"": ""feasibility_restoration"", ""globalization_mechanism"": ""TR"", ""globalization_strategy"": ""fletcher_filter_method"", ""hessian_model"": ""exact"", ""inequality_handling_method"": ""inequality_constrained"", ""inertia_correction_strategy"": ""none""}",1,0.975610,1.3322,1.073389,120,"{""solved"": 120, ""unsolved"": 3}"
1783999967.203,"{""constraint_relaxation_strategy"": ""feasibility_restoration"", ""globalization_mechanism"": ""TR"", ""globalization_strategy"": ""waechter_filter_method"", ""hessian_model"": ""LSR1"", ""inequality_handling_method"": ""inequality_constrained"", ""inertia_correction_strategy"": ""primal_dual""}",1,0.000000,0.5775,0.099037,0,"{""unsolved"": 123}"
1784000005.413,"{""constraint_relaxation_strategy"": ""feasibility_restoration"", ""globalization_mechanism"": ""LS"", ""globalization_strategy"": ""funnel_method"", ""hessian_model"": ""exact"", ""inequality_handling_method"": ""interior_point"", ""inertia_correction_strategy"": ""primal""}",1,0.967480,4.9496,1.059230,119,"{""solved"": 119, ""unsolved"": 4}"
1784000019.117,"{""constraint_relaxation_strategy"": ""feasibility_restoration"", ""globalization_mechanism"": ""TR"", ""globalization_strategy"": ""fletcher_filter_method"", ""hessian_model"": ""exact"", ""inequality_handling_method"": ""inequality_constrained"", ""inertia_correction_strategy"": ""none""}",1,0.975610,1.3322,1.073389,120,"{""solved"": 120, ""unsolved"": 3}"
1784000037.230,"{""constraint_relaxation_strategy"": ""feasibility_restoration"", ""globalization_mechanism"": ""LS"", ""globalization_strategy"": ""waechter_filter_method"", ""hessian_model"": ""exact"", ""inequality_handling_method"": ""inequality_constrained"", ""inertia_correction_strategy"": ""primal""}",1,0.943089,18.3124,1.012569,116,"{""solved"": 116, ""unsolved"": 7}"
1784000060.405,"{""constraint_relaxation_strategy"": ""feasibility_restoration"", ""globalization_mechanism"": ""LS"", ""globalization_strategy"": ""funnel_method"", ""hessian_model"": ""exact"", ""inequality_handling_method"": ""interior_point"", ""inertia_correction_strategy"": ""primal""}",1,0.967480,4.9496,1.059230,119,"{""solved"": 119, ""unsolved"": 4}"
1784000073.477,"{""constraint_relaxation_strategy"": ""feasibility_restoration"", ""globalization_mechanism"": ""TR"", ""globalization_strategy"": ""fletcher_filter_method"", ""hessian_model"": ""exact"", ""inequality_handling_method"": ""inequality_constrained"", ""inertia_correction_strategy"": ""none""}",1,0.975610,1.3322,1.073389,120,"{""solved"": 120, ""unsolved"": 3}"
1784000088.316,"{""constraint_relaxation_strategy"": ""feasibility_restoration"", ""globalization_mechanism"": ""LS"", ""globalization_strategy"": ""waechter_filter_method"", ""hessian_model"": ""exact"", ""inequality_handling_method"": ""inequality_constrained"", ""inertia_correction_strategy"": ""primal""}",1,0.943089,18.3124,1.012569,116,"{""solved"": 116, ""unsolved"": 7}"
1784000109.407,"{""constraint_relaxation_strategy"": ""feasibility_restoration"", ""globalization_mechanism"": ""LS"", ""globalization_strategy"": ""funnel_method"", ""hessian_model"": ""exact"", ""inequality_handling_method"": ""inequality_constrained"", ""inertia_correction_strategy"": ""primal_dual""}",1,0.170732,1.0125,0.269044,21,"{""solved"": 21, ""unsolved"": 102}"
1784000137.804,"{""constraint_relaxation_strategy"": ""feasibility_restoration"", ""globalization_mechanism"": ""TR"", ""globalization_strategy"": ""fletcher_filter_method"", ""hessian_model"": ""exact"", ""inequality_handling_method"": ""inequality_constrained"", ""inertia_correction_strategy"": ""none""}",1,0.975610,1.3322,1.073389,120,"{""solved"": 120, ""unsolved"": 3}"
1784000179.534,"{""constraint_relaxation_strategy"": ""feasibility_restoration"", ""globalization_mechanism"": ""TR"", ""globalization_strategy"": ""funnel_method"", ""hessian_model"": ""exact"", ""inequality_handling_method"": ""inequality_constrained"", ""inertia_correction_strategy"": ""primal""}",1,0.934959,23.1324,0.996405,115,"{""solved"": 115, ""unsolved"": 8}"
1784000197.329,"{""constraint_relaxation_strategy"": ""feasibility_restoration"", ""globalization_mechanism"": ""LS"", ""globalization_strategy"": ""funnel_method"", ""hessian_model"": ""exact"", ""inequality_handling_method"": ""interior_point"", ""inertia_correction_strategy"": ""primal_dual""}",1,0.967480,4.4069,1.060135,119,"{""solved"": 119, ""unsolved"": 4}"
1784000213.201,"{""constraint_relaxation_strategy"": ""feasibility_restoration"", ""globalization_mechanism"": ""TR"", ""globalization_strategy"": ""fletcher_filter_method"", ""hessian_model"": ""exact"", ""inequality_handling_method"": ""inequality_constrained"", ""inertia_correction_strategy"": ""none""}",1,0.975610,1.3322,1.073389,120,"{""solved"": 120, ""unsolved"": 3}"
1784000241.493,"{""constraint_relaxation_strategy"": ""feasibility_restoration"", ""globalization_mechanism"": ""LS"", ""globalization_strategy"": ""waechter_filter_method"", ""hessian_model"": ""exact"", ""inequality_handling_method"": ""inequality_constrained"", ""inertia_correction_strategy"": ""primal_dual""}",1,0.162602,1.0201,0.260901,20,"{""solved"": 20, ""unsolved"": 103}"
1784000262.905,"{""constraint_relaxation_strategy"": ""feasibility_restoration"", ""globalization_mechanism"": ""LS"", ""globalization_strategy"": ""funnel_method"", ""hessian_model"": ""exact"", ""inequality_handling_method"": ""inequality_constrained"", ""inertia_correction_strategy"": ""primal_dual""}",1,0.170732,1.0125,0.269044,21,"{""solved"": 21, ""unsolved"": 102}"
1784000284.195,"{""constraint_relaxation_strategy"": ""feasibility_restoration"", ""globalization_mechanism"": ""TR"", ""globalization_strategy"": ""fletcher_filter_method"", ""hessian_model"": ""exact"", ""inequality_handling_method"": ""inequality_constrained"", ""inertia_correction_strategy"": ""none""}",1,0.975610,1.3322,1.073389,120,"{""solved"": 120, ""unsolved"": 3}"
1784000304.054,"{""constraint_relaxation_strategy"": ""feasibility_restoration"", ""globalization_mechanism"": ""LS"", ""globalization_strategy"": ""waechter_filter_method"", ""hessian_model"": ""exact"", ""inequality_handling_method"": ""inequality_constrained"", ""inertia_correction_strategy"": ""primal""}",1,0.943089,18.3124,1.012569,116,"{""solved"": 116, ""unsolved"": 7}"
1784000332.383,"{""constraint_relaxation_strategy"": ""feasibility_restoration"", ""globalization_mechanism"": ""LS"", ""globalization_strategy"": ""funnel_method"", ""hessian_model"": ""exact"", ""inequality_handling_method"": ""inequality_constrained"", ""inertia_correction_strategy"": ""primal_dual""}",1,0.170732,1.0125,0.269044,21,"{""solved"": 21, ""unsolved"": 102}"
1784000361.135,"{""constraint_relaxation_strategy"": ""feasibility_restoration"", ""globalization_mechanism"": ""LS"", ""globalization_strategy"": ""waechter_filter_method"", ""hessian_model"": ""exact"", ""inequality_handling_method"": ""inequality_constrained"", ""inertia_correction_strategy"": ""none""}",1,0.869919,2.7332,0.965363,107,"{""solved"": 107, ""unsolved"": 16}"
1784000392.655,"{""constraint_relaxation_strategy"": ""feasibility_restoration"", ""globalization_mechanism"": ""LS"", ""globalization_strategy"": ""waechter_filter_method"", ""hessian_model"": ""exact"", ""inequality_handling_method"": ""inequality_constrained"", ""inertia_correction_strategy"": ""primal_dual""}",1,0.162602,1.0201,0.260901,20,"{""solved"": 20, ""unsolved"": 103}"
1784000413.235,"{""constraint_relaxation_strategy"": ""feasibility_restoration"", ""globalization_mechanism"": ""LS"", ""globalization_strategy"": ""funnel_method"", ""hessian_model"": ""exact"", ""inequality_handling_method"": ""interior_point"", ""inertia_correction_strategy"": ""primal_dual""}",1,0.967480,4.4069,1.060135,119,"{""solved"": 119, ""unsolved"": 4}"
1784000446.010,"{""constraint_relaxation_strategy"": ""feasibility_restoration"", ""globalization_mechanism"": ""TR"", ""globalization_strategy"": ""waechter_filter_method"", ""hessian_model"": ""exact"", ""inequality_handling_method"": ""inequality_constrained"", ""inertia_correction_strategy"": ""none""}",1,0.975610,1.5492,1.073028,120,"{""solved"": 120, ""unsolved"": 3}"
1784000471.790,"{""constraint_relaxation_strategy"": ""feasibility_restoration"", ""globalization_mechanism"": ""LS"", ""globalization_strategy"": ""waechter_filter_method"", ""hessian_model"": ""exact"", ""inequality_handling_method"": ""inequality_constrained"", ""inertia_correction_strategy"": ""primal_dual""}",1,0.162602,1.0201,0.260901,20,"{""solved"": 20, ""unsolved"": 103}"
1784000489.229,"{""constraint_relaxation_strategy"": ""feasibility_restoration"", ""globalization_mechanism"": ""LS"", ""globalization_strategy"": ""funnel_method"", ""hessian_model"": ""exact"", ""inequality_handling_method"": ""inequality_constrained"", ""inertia_correction_strategy"": ""primal_dual""}",1,0.170732,1.0125,0.269044,21,"{""solved"": 21, ""unsolved"": 102}"
1784000515.155,"{""constraint_relaxation_strategy"": ""feasibility_restoration"", ""globalization_mechanism"": ""TR"", ""globalization_strategy"": ""waechter_filter_method"", ""hessian_model"": ""exact"", ""inequality_handling_method"": ""inequality_constrained"", ""inertia_correction_strategy"": ""none""}",1,0.975610,1.5492,1.073028,120,"{""solved"": 120, ""unsolved"": 3}"
1784000561.453,"{""constraint_relaxation_strategy"": ""feasibility_restoration"", ""globalization_mechanism"": ""LS"", ""globalization_strategy"": ""waechter_filter_method"", ""hessian_model"": ""exact"", ""inequality_handling_method"": ""inequality_constrained"", ""inertia_correction_strategy"": ""primal_dual""}",1,0.162602,1.0201,0.260901,20,"{""solved"": 20, ""unsolved"": 103}"
1784000580.651,"{""constraint_relaxation_strategy"": ""feasibility_restoration"", ""globalization_mechanism"": ""LS"", ""globalization_strategy"": ""funnel_method"", ""hessian_model"": ""exact"", ""inequality_handling_method"": ""inequality_constrained"", ""inertia_correction_strategy"": ""primal_dual""}",1,0.170732,1.0125,0.269044,21,"{""solved"": 21, ""unsolved"": 102}"
1784000601.186,"{""constraint_relaxation_strategy"": ""feasibility_restoration"", ""globalization_mechanism"": ""TR"", ""globalization_strategy"": ""fletcher_filter_method"", ""hessian_model"": ""exact"", ""inequality_handling_method"": ""inequality_constrained"", ""inertia_correction_strategy"": ""none""}",1,0.975610,1.3322,1.073389,120,"{""solved"": 120, ""unsolved"": 3}"
1784000627.495,"{""constraint_relaxation_strategy"": ""feasibility_restoration"", ""globalization_mechanism"": ""LS"", ""globalization_strategy"": ""waechter_filter_method"", ""hessian_model"": ""exact"", ""inequality_handling_method"": ""inequality_constrained"", ""inertia_correction_strategy"": ""primal_dual""}",1,0.162602,1.0201,0.260901,20,"{""solved"": 20, ""unsolved"": 103}"
1784000640.078,"{""constraint_relaxation_strategy"": ""feasibility_restoration"", ""globalization_mechanism"": ""LS"", ""globalization_strategy"": ""funnel_method"", ""hessian_model"": ""exact"", ""inequality_handling_method"": ""interior_point"", ""inertia_correction_strategy"": ""primal_dual""}",1,0.967480,4.4069,1.060135,119,"{""solved"": 119, ""unsolved"": 4}"
1784000654.953,"{""constraint_relaxation_strategy"": ""feasibility_restoration"", ""globalization_mechanism"": ""TR"", ""globalization_strategy"": ""fletcher_filter_method"", ""hessian_model"": ""exact"", ""inequality_handling_method"": ""inequality_constrained"", ""inertia_correction_strategy"": ""none""}",1,0.975610,1.3322,1.073389,120,"{""solved"": 120, ""unsolved"": 3}"
1784000671.011,"{""constraint_relaxation_strategy"": ""feasibility_restoration"", ""globalization_mechanism"": ""LS"", ""globalization_strategy"": ""waechter_filter_method"", ""hessian_model"": ""exact"", ""inequality_handling_method"": ""inequality_constrained"", ""inertia_correction_strategy"": ""primal""}",1,0.943089,18.3124,1.012569,116,"{""solved"": 116, ""unsolved"": 7}"
1784000697.378,"{""constraint_relaxation_strategy"": ""feasibility_restoration"", ""globalization_mechanism"": ""LS"", ""globalization_strategy"": ""funnel_method"", ""hessian_model"": ""exact"", ""inequality_handling_method"": ""inequality_constrained"", ""inertia_correction_strategy"": ""primal_dual""}",1,0.170732,1.0125,0.269044,21,"{""solved"": 21, ""unsolved"": 102}"
1784000722.366,"{""constraint_relaxation_strategy"": ""feasibility_restoration"", ""globalization_mechanism"": ""TR"", ""globalization_strategy"": ""fletcher_filter_method"", ""hessian_model"": ""LSR1"", ""inequality_handling_method"": ""inequality_constrained"", ""inertia_correction_strategy"": ""none""}",1,0.886179,5.7614,0.976576,109,"{""solved"": 109, ""unsolved"": 14}"
1784000751.587,"{""constraint_relaxation_strategy"": ""feasibility_restoration"", ""globalization_mechanism"": ""LS"", ""globalization_strategy"": ""waechter_filter_method"", ""hessian_model"": ""LSR1"", ""inequality_handling_method"": ""inequality_constrained"", ""inertia_correction_strategy"": ""primal_dual""}",1,0.048780,8.9124,0.133926,6,"{""unsolved"": 117, ""solved"": 6}"
1784000767.241,"{""constraint_relaxation_strategy"": ""feasibility_restoration"", ""globalization_mechanism"": ""LS"", ""globalization_strategy"": ""funnel_method"", ""hessian_model"": ""exact"", ""inequality_handling_method"": ""interior_point"", ""inertia_correction_strategy"": ""primal_dual""}",1,0.967480,4.4069,1.060135,119,"{""solved"": 119, ""unsolved"": 4}"
1784000797.842,"{""constraint_relaxation_strategy"": ""feasibility_restoration"", ""globalization_mechanism"": ""TR"", ""globalization_strategy"": ""waechter_filter_method"", ""hessian_model"": ""exact"", ""inequality_handling_method"": ""inequality_constrained"", ""inertia_correction_strategy"": ""none""}",1,0.975610,1.5492,1.073028,120,"{""solved"": 120, ""unsolved"": 3}"
1784000842.760,"{""constraint_relaxation_strategy"": ""feasibility_restoration"", ""globalization_mechanism"": ""LS"", ""globalization_strategy"": ""funnel_method"", ""hessian_model"": ""LSR1"", ""inequality_handling_method"": ""inequality_constrained"", ""inertia_correction_strategy"": ""primal""}",1,0.056911,10.6877,0.139098,7,"{""unsolved"": 116, ""solved"": 7}"
1784000864.616,"{""constraint_relaxation_strategy"": ""feasibility_restoration"", ""globalization_mechanism"": ""LS"", ""globalization_strategy"": ""funnel_method"", ""hessian_model"": ""exact"", ""inequality_handling_method"": ""inequality_constrained"", ""inertia_correction_strategy"": ""primal_dual""}",1,0.170732,1.0125,0.269044,21,"{""solved"": 21, ""unsolved"": 102}"
1784000889.500,"{""constraint_relaxation_strategy"": ""feasibility_restoration"", ""globalization_mechanism"": ""TR"", ""globalization_strategy"": ""funnel_method"", ""hessian_model"": ""exact"", ""inequality_handling_method"": ""inequality_constrained"", ""inertia_correction_strategy"": ""none""}",1,0.967480,1.1645,1.065539,119,"{""solved"": 119, ""unsolved"": 4}"
1784000911.823,"{""constraint_relaxation_strategy"": ""feasibility_restoration"", ""globalization_mechanism"": ""LS"", ""globalization_strategy"": ""waechter_filter_method"", ""hessian_model"": ""exact"", ""inequality_handling_method"": ""inequality_constrained"", ""inertia_correction_strategy"": ""primal""}",1,0.943089,18.3124,1.012569,116,"{""solved"": 116, ""unsolved"": 7}"
1784000936.720,"{""constraint_relaxation_strategy"": ""feasibility_restoration"", ""globalization_mechanism"": ""LS"", ""globalization_strategy"": ""funnel_method"", ""hessian_model"": ""exact"", ""inequality_handling_method"": ""inequality_constrained"", ""inertia_correction_strategy"": ""primal_dual""}",1,0.170732,1.0125,0.269044,21,"{""solved"": 21, ""unsolved"": 102}"
1784000957.944,"{""constraint_relaxation_strategy"": ""feasibility_restoration"", ""globalization_mechanism"": ""TR"", ""globalization_strategy"": ""fletcher_filter_method"", ""hessian_model"": ""exact"", ""inequality_handling_method"": ""inequality_constrained"", ""inertia_correction_strategy"": ""none""}",1,0.975610,1.3322,1.073389,120,"{""solved"": 120, ""unsolved"": 3}"
1784000980.186,"{""constraint_relaxation_strategy"": ""feasibility_restoration"", ""globalization_mechanism"": ""LS"", ""globalization_strategy"": ""waechter_filter_method"", ""hessian_model"": ""exact"", ""inequality_handling_method"": ""inequality_constrained"", ""inertia_correction_strategy"": ""primal""}",1,0.943089,18.3124,1.012569,116,"{""solved"": 116, ""unsolved"": 7}"
1784000991.413,"{""constraint_relaxation_strategy"": ""feasibility_restoration"", ""globalization_mechanism"": ""LS"", ""globalization_strategy"": ""funnel_method"", ""hessian_model"": ""exact"", ""inequality_handling_method"": ""interior_point"", ""inertia_correction_strategy"": ""primal_dual""}",1,0.967480,4.4069,1.060135,119,"{""solved"": 119, ""unsolved"": 4}"
1784001014.125,"{""constraint_relaxation_strategy"": ""feasibility_restoration"", ""globalization_mechanism"": ""TR"", ""globalization_strategy"": ""funnel_method"", ""hessian_model"": ""exact"", ""inequality_handling_method"": ""inequality_constrained"", ""inertia_correction_strategy"": ""none""}",1,0.967480,1.1645,1.065539,119,"{""solved"": 119, ""unsolved"": 4}"
1784001042.388,"{""constraint_relaxation_strategy"": ""feasibility_restoration"", ""globalization_mechanism"": ""LS"", ""globalization_strategy"": ""waechter_filter_method"", ""hessian_model"": ""LSR1"", ""inequality_handling_method"": ""inequality_constrained"", ""inertia_correction_strategy"": ""primal_dual""}",1,0.048780,8.9124,0.133926,6,"{""unsolved"": 117, ""solved"": 6}"
1784001074.623,"{""constraint_relaxation_strategy"": ""feasibility_restoration"", ""globalization_mechanism"": ""LS"", ""globalization_strategy"": ""funnel_method"", ""hessian_model"": ""LSR1"", ""inequality_handling_method"": ""interior_point"", ""inertia_correction_strategy"": ""primal_dual""}",1,0.439024,49.1240,0.457151,54,"{""unsolved"": 69, ""solved"": 54}"
1784001099.247,"{""constraint_relaxation_strategy"": ""feasibility_restoration"", ""globalization_mechanism"": ""TR"", ""globalization_strategy"": ""waechter_filter_method"", ""hessian_model"": ""exact"", ""inequality_handling_method"": ""inequality_constrained"", ""inertia_correction_strategy"": ""none""}",1,0.975610,1.5492,1.073028,120,"{""solved"": 120, ""unsolved"": 3}"
1784001134.898,"{""constraint_relaxation_strategy"": ""feasibility_restoration"", ""globalization_mechanism"": ""LS"", ""globalization_strategy"": ""waechter_filter_method"", ""hessian_model"": ""exact"", ""inequality_handling_method"": ""inequality_constrained"", ""inertia_correction_strategy"": ""primal_dual""}",1,0.162602,1.0201,0.260901,20,"{""solved"": 20, ""unsolved"": 103}"
1784001161.685,"{""constraint_relaxation_strategy"": ""feasibility_restoration"", ""globalization_mechanism"": ""LS"", ""globalization_strategy"": ""funnel_method"", ""hessian_model"": ""exact"", ""inequality_handling_method"": ""inequality_constrained"", ""inertia_correction_strategy"": ""primal_dual""}",1,0.170732,1.0125,0.269044,21,"{""solved"": 21, ""unsolved"": 102}"
1784001175.977,"{""constraint_relaxation_strategy"": ""feasibility_restoration"", ""globalization_mechanism"": ""TR"", ""globalization_strategy"": ""fletcher_filter_method"", ""hessian_model"": ""exact"", ""inequality_handling_method"": ""inequality_constrained"", ""inertia_correction_strategy"": ""none""}",1,0.975610,1.3322,1.073389,120,"{""solved"": 120, ""unsolved"": 3}"
1784001227.208,"{""constraint_relaxation_strategy"": ""feasibility_restoration"", ""globalization_mechanism"": ""LS"", ""globalization_strategy"": ""waechter_filter_method"", ""hessian_model"": ""LBFGS"", ""inequality_handling_method"": ""inequality_constrained"", ""inertia_correction_strategy"": ""primal""}",1,0.943089,7.5072,1.030577,116,"{""solved"": 116, ""unsolved"": 7}"
1784001244.593,"{""constraint_relaxation_strategy"": ""feasibility_restoration"", ""globalization_mechanism"": ""LS"", ""globalization_strategy"": ""funnel_method"", ""hessian_model"": ""exact"", ""inequality_handling_method"": ""interior_point"", ""inertia_correction_strategy"": ""primal_dual""}",1,0.967480,4.4069,1.060135,119,"{""solved"": 119, ""unsolved"": 4}"
1784001285.153,"{""constraint_relaxation_strategy"": ""feasibility_restoration"", ""globalization_mechanism"": ""TR"", ""globalization_strategy"": ""waechter_filter_method"", ""hessian_model"": ""exact"", ""inequality_handling_method"": ""inequality_constrained"", ""inertia_correction_strategy"": ""none""}",1,0.975610,1.5492,1.073028,120,"{""solved"": 120, ""unsolved"": 3}"
1784001303.111,"{""constraint_relaxation_strategy"": ""feasibility_restoration"", ""globalization_mechanism"": ""LS"", ""globalization_strategy"": ""waechter_filter_method"", ""hessian_model"": ""LBFGS"", ""inequality_handling_method"": ""inequality_constrained"", ""inertia_correction_strategy"": ""primal""}",1,0.943089,7.5072,1.030577,116,"{""solved"": 116, ""unsolved"": 7}"
1784001322.768,"{""constraint_relaxation_strategy"": ""feasibility_restoration"", ""globalization_mechanism"": ""LS"", ""globalization_strategy"": ""funnel_method"", ""hessian_model"": ""exact"", ""inequality_handling_method"": ""inequality_constrained"", ""inertia_correction_strategy"": ""primal_dual""}",1,0.170732,1.0125,0.269044,21,"{""solved"": 21, ""unsolved"": 102}"
1784001353.385,"{""constraint_relaxation_strategy"": ""feasibility_restoration"", ""globalization_mechanism"": ""TR"", ""globalization_strategy"": ""funnel_method"", ""hessian_model"": ""exact"", ""inequality_handling_method"": ""inequality_constrained"", ""inertia_correction_strategy"": ""none""}",1,0.967480,1.1645,1.065539,119,"{""solved"": 119, ""unsolved"": 4}"
1784001376.732,"{""constraint_relaxation_strategy"": ""feasibility_restoration"", ""globalization_mechanism"": ""LS"", ""globalization_strategy"": ""waechter_filter_method"", ""hessian_model"": ""LBFGS"", ""inequality_handling_method"": ""inequality_constrained"", ""inertia_correction_strategy"": ""primal""}",1,0.943089,7.5072,1.030577,116,"{""solved"": 116, ""unsolved"": 7}"
1784001403.517,"{""constraint_relaxation_strategy"": ""feasibility_restoration"", ""globalization_mechanism"": ""LS"", ""globalization_strategy"": ""funnel_method"", ""hessian_model"": ""exact"", ""inequality_handling_method"": ""inequality_constrained"", ""inertia_correction_strategy"": ""primal_dual""}",1,0.170732,1.0125,0.269044,21,"{""solved"": 21, ""unsolved"": 102}"
1784001421.102,"{""constraint_relaxation_strategy"": ""feasibility_restoration"", ""globalization_mechanism"": ""TR"", ""globalization_strategy"": ""waechter_filter_method"", ""hessian_model"": ""exact"", ""inequality_handling_method"": ""inequality_constrained"", ""inertia_correction_strategy"": ""none""}",1,0.975610,1.5492,1.073028,120,"{""solved"": 120, ""unsolved"": 3}"
1784001461.120,"{""constraint_relaxation_strategy"": ""feasibility_restoration"", ""globalization_mechanism"": ""LS"", ""globalization_strategy"": ""waechter_filter_method"", ""hessian_model"": ""LBFGS"", ""inequality_handling_method"": ""interior_point"", ""inertia_correction_strategy"": ""primal""}",1,0.894309,10.5665,0.976698,110,"{""solved"": 110, ""unsolved"": 13}"
1784001485.375,"{""constraint_relaxation_strategy"": ""feasibility_restoration"", ""globalization_mechanism"": ""LS"", ""globalization_strategy"": ""funnel_method"", ""hessian_model"": ""exact"", ""inequality_handling_method"": ""interior_point"", ""inertia_correction_strategy"": ""primal_dual""}",1,0.967480,4.4069,1.060135,119,"{""solved"": 119, ""unsolved"": 4}"
1784001497.941,"{""constraint_relaxation_strategy"": ""feasibility_restoration"", ""globalization_mechanism"": ""TR"", ""globalization_strategy"": ""fletcher_filter_method"", ""hessian_model"": ""exact"", ""inequality_handling_method"": ""inequality_constrained"", ""inertia_correction_strategy"": ""none""}",1,0.975610,1.3322,1.073389,120,"{""solved"": 120, ""unsolved"": 3}"
1784001543.762,"{""constraint_relaxation_strategy"": ""feasibility_restoration"", ""globalization_mechanism"": ""LS"", ""globalization_strategy"": ""waechter_filter_method"", ""hessian_model"": ""LBFGS"", ""inequality_handling_method"": ""inequality_constrained"", ""inertia_correction_strategy"": ""primal""}",1,0.943089,7.5072,1.030577,116,"{""solved"": 116, ""unsolved"": 7}"
1784001574.839,"{""constraint_relaxation_strategy"": ""feasibility_restoration"", ""globalization_mechanism"": ""LS"", ""globalization_strategy"": ""funnel_method"", ""hessian_model"": ""exact"", ""inequality_handling_method"": ""interior_point"", ""inertia_correction_strategy"": ""primal_dual""}",1,0.967480,4.4069,1.060135,119,"{""solved"": 119, ""unsolved"": 4}"
1784001598.751,"{""constraint_relaxation_strategy"": ""feasibility_restoration"", ""globalization_mechanism"": ""TR"", ""globalization_strategy"": ""funnel_method"", ""hessian_model"": ""exact"", ""inequality_handling_method"": ""inequality_constrained"", ""inertia_correction_strategy"": ""none""}",1,0.967480,1.1645,1.065539,119,"{""solved"": 119, ""unsolved"": 4}"
1784003042.009,"{""constraint_relaxation_strategy"": ""feasibility_restoration"", ""globalization_mechanism"": ""LS"", ""globalization_strategy"": ""waechter_filter_method"", ""hessian_model"": ""LBFGS"", ""inequality_handling_method"": ""interior_point"", ""inertia_correction_strategy"": ""primal_dual""}",1,0.894309,7.2806,0.982175,110,"{""solved"": 110, ""unsolved"": 13}"
1784003057.635,"{""constraint_relaxation_strategy"": ""feasibility_restoration"", ""globalization_mechanism"": ""LS"", ""globalization_strategy"": ""funnel_method"", ""hessian_model"": ""exact"", ""inequality_handling_method"": ""interior_point"", ""inertia_correction_strategy"": ""primal_dual""}",1,0.967480,4.4069,1.060135,119,"{""solved"": 119, ""unsolved"": 4}"
1784003079.468,"{""constraint_relaxation_strategy"": ""feasibility_restoration"", ""globalization_mechanism"": ""TR"", ""globalization_strategy"": ""fletcher_filter_method"", ""hessian_model"": ""exact"", ""inequality_handling_method"": ""inequality_constrained"", ""inertia_correction_strategy"": ""none""}",1,0.975610,1.3322,1.073389,120,"{""solved"": 120, ""unsolved"": 3}"
1784003109.481,"{""constraint_relaxation_strategy"": ""feasibility_restoration"", ""globalization_mechanism"": ""TR"", ""globalization_strategy"": ""funnel_method"", ""hessian_model"": ""LBFGS"", ""inequality_handling_method"": ""inequality_constrained"", ""inertia_correction_strategy"": ""primal""}",1,0.934959,2.5945,1.030635,115,"{""solved"": 115, ""unsolved"": 8}"
1784003148.867,"{""constraint_relaxation_strategy"": ""feasibility_restoration"", ""globalization_mechanism"": ""TR"", ""globalization_strategy"": ""waechter_filter_method"", ""hessian_model"": ""exact"", ""inequality_handling_method"": ""inequality_constrained"", ""inertia_correction_strategy"": ""primal_dual""}",1,0.000000,0.7098,0.098817,0,"{""unsolved"": 123}"
1784003169.488,"{""constraint_relaxation_strategy"": ""feasibility_restoration"", ""globalization_mechanism"": ""TR"", ""globalization_strategy"": ""fletcher_filter_method"", ""hessian_model"": ""exact"", ""inequality_handling_method"": ""inequality_constrained"", ""inertia_correction_strategy"": ""none""}",1,0.975610,1.3322,1.073389,120,"{""solved"": 120, ""unsolved"": 3}"
1784003197.876,"{""constraint_relaxation_strategy"": ""feasibility_restoration"", ""globalization_mechanism"": ""TR"", ""globalization_strategy"": ""fletcher_filter_method"", ""hessian_model"": ""exact"", ""inequality_handling_method"": ""inequality_constrained"", ""inertia_correction_strategy"": ""none""}",1,0.975610,1.3322,1.073389,120,"{""solved"": 120, ""unsolved"": 3}"
1784003222.474,"{""constraint_relaxation_strategy"": ""feasibility_restoration"", ""globalization_mechanism"": ""LS"", ""globalization_strategy"": ""funnel_method"", ""hessian_model"": ""exact"", ""inequality_handling_method"": ""inequality_constrained"", ""inertia_correction_strategy"": ""primal_dual""}",1,0.170732,1.0125,0.269044,21,"{""solved"": 21, ""unsolved"": 102}"
1784003257.751,"{""constraint_relaxation_strategy"": ""feasibility_restoration"", ""globalization_mechanism"": ""TR"", ""globalization_strategy"": ""waechter_filter_method"", ""hessian_model"": ""exact"", ""inequality_handling_method"": ""inequality_constrained"", ""inertia_correction_strategy"": ""none""}",1,0.975610,1.5492,1.073028,120,"{""solved"": 120, ""unsolved"": 3}"
1784003281.604,"{""constraint_relaxation_strategy"": ""feasibility_restoration"", ""globalization_mechanism"": ""TR"", ""globalization_strategy"": ""fletcher_filter_method"", ""hessian_model"": ""exact"", ""inequality_handling_method"": ""inequality_constrained"", ""inertia_correction_strategy"": ""primal""}",1,0.934959,23.5673,0.995681,115,"{""solved"": 115, ""unsolved"": 8}"
1784003298.890,"{""constraint_relaxation_strategy"": ""feasibility_restoration"", ""globalization_mechanism"": ""LS"", ""globalization_strategy"": ""funnel_method"", ""hessian_model"": ""exact"", ""inequality_handling_method"": ""inequality_constrained"", ""inertia_correction_strategy"": ""primal_dual""}",1,0.170732,1.0125,0.269044,21,"{""solved"": 21, ""unsolved"": 102}"
1784003323.570,"{""constraint_relaxation_strategy"": ""feasibility_restoration"", ""globalization_mechanism"": ""TR"", ""globalization_strategy"": ""fletcher_filter_method"", ""hessian_model"": ""exact"", ""inequality_handling_method"": ""inequality_constrained"", ""inertia_correction_strategy"": ""none""}",1,0.975610,1.3322,1.073389,120,"{""solved"": 120, ""unsolved"": 3}"
1784003352.834,"{""constraint_relaxation_strategy"": ""feasibility_restoration"", ""globalization_mechanism"": ""TR"", ""globalization_strategy"": ""fletcher_filter_method"", ""hessian_model"": ""LBFGS"", ""inequality_handling_method"": ""inequality_constrained"", ""inertia_correction_strategy"": ""primal""}",1,0.934959,2.7562,1.030366,115,"{""solved"": 115, ""unsolved"": 8}"
1784003368.581,"{""constraint_relaxation_strategy"": ""feasibility_restoration"", ""globalization_mechanism"": ""LS"", ""globalization_strategy"": ""funnel_method"", ""hessian_model"": ""exact"", ""inequality_handling_method"": ""interior_point"", ""inertia_correction_strategy"": ""primal_dual""}",1,0.967480,4.4069,1.060135,119,"{""solved"": 119, ""unsolved"": 4}"
1784003417.039,"{""constraint_relaxation_strategy"": ""feasibility_restoration"", ""globalization_mechanism"": ""TR"", ""globalization_strategy"": ""waechter_filter_method"", ""hessian_model"": ""exact"", ""inequality_handling_method"": ""inequality_constrained"", ""inertia_correction_strategy"": ""none""}",1,0.975610,1.5492,1.073028,120,"{""solved"": 120, ""unsolved"": 3}"
1784003439.680,"{""constraint_relaxation_strategy"": ""feasibility_restoration"", ""globalization_mechanism"": ""TR"", ""globalization_strategy"": ""fletcher_filter_method"", ""hessian_model"": ""exact"", ""inequality_handling_method"": ""inequality_constrained"", ""inertia_correction_strategy"": ""primal""}",1,0.934959,23.5673,0.995681,115,"{""solved"": 115, ""unsolved"": 8}"
1784003468.996,"{""constraint_relaxation_strategy"": ""feasibility_restoration"", ""globalization_mechanism"": ""LS"", ""globalization_strategy"": ""funnel_method"", ""hessian_model"": ""exact"", ""inequality_handling_method"": ""interior_point"", ""inertia_correction_strategy"": ""primal""}",1,0.967480,4.9496,1.059230,119,"{""solved"": 119, ""unsolved"": 4}"
1784003489.318,"{""constraint_relaxation_strategy"": ""feasibility_restoration"", ""globalization_mechanism"": ""TR"", ""globalization_strategy"": ""waechter_filter_method"", ""hessian_model"": ""exact"", ""inequality_handling_method"": ""inequality_constrained"", ""inertia_correction_strategy"": ""none""}",1,0.975610,1.5492,1.073028,120,"{""solved"": 120, ""unsolved"": 3}"
1784003506.647,"{""constraint_relaxation_strategy"": ""feasibility_restoration"", ""globalization_mechanism"": ""TR"", ""globalization_strategy"": ""fletcher_filter_method"", ""hessian_model"": ""exact"", ""inequality_handling_method"": ""inequality_constrained"", ""inertia_correction_strategy"": ""primal""}",1,0.934959,23.5673,0.995681,115,"{""solved"": 115, ""unsolved"": 8}"
1784003553.600,"{""constraint_relaxation_strategy"": ""feasibility_restoration"", ""globalization_mechanism"": ""LS"", ""globalization_strategy"": ""waechter_filter_method"", ""hessian_model"": ""exact"", ""inequality_handling_method"": ""interior_point"", ""inertia_correction_strategy"": ""primal_dual""}",1,0.926829,5.0646,1.018388,114,"{""solved"": 114, ""unsolved"": 9}"
1784003596.139,"{""constraint_relaxation_strategy"": ""feasibility_restoration"", ""globalization_mechanism"": ""TR"", ""globalization_strategy"": ""fletcher_filter_method"", ""hessian_model"": ""exact"", ""inequality_handling_method"": ""interior_point"", ""inertia_correction_strategy"": ""primal_dual""}",1,0.000000,0.6368,0.098939,0,"{""unsolved"": 123}"
1784003620.087,"{""constraint_relaxation_strategy"": ""feasibility_restoration"", ""globalization_mechanism"": ""LS"", ""globalization_strategy"": ""funnel_method"", ""hessian_model"": ""exact"", ""inequality_handling_method"": ""inequality_constrained"", ""inertia_correction_strategy"": ""primal_dual""}",1,0.170732,1.0125,0.269044,21,"{""solved"": 21, ""unsolved"": 102}"
1784003647.145,"{""constraint_relaxation_strategy"": ""feasibility_restoration"", ""globalization_mechanism"": ""TR"", ""globalization_strategy"": ""waechter_filter_method"", ""hessian_model"": ""exact"", ""inequality_handling_method"": ""inequality_constrained"", ""inertia_correction_strategy"": ""none""}",1,0.975610,1.5492,1.073028,120,"{""solved"": 120, ""unsolved"": 3}"
1784003671.850,"{""constraint_relaxation_strategy"": ""feasibility_restoration"", ""globalization_mechanism"": ""TR"", ""globalization_strategy"": ""fletcher_filter_method"", ""hessian_model"": ""exact"", ""inequality_handling_method"": ""inequality_constrained"", ""inertia_correction_strategy"": ""primal_dual""}",1,0.000000,0.6369,0.098939,0,"{""unsolved"": 123}"
1784003691.623,"{""constraint_relaxation_strategy"": ""feasibility_restoration"", ""globalization_mechanism"": ""LS"", ""globalization_strategy"": ""funnel_method"", ""hessian_model"": ""exact"", ""inequality_handling_method"": ""inequality_constrained"", ""inertia_correction_strategy"": ""primal_dual""}",1,0.170732,1.0125,0.269044,21,"{""solved"": 21, ""unsolved"": 102}"
1784003715.444,"{""constraint_relaxation_strategy"": ""feasibility_restoration"", ""globalization_mechanism"": ""TR"", ""globalization_strategy"": ""fletcher_filter_method"", ""hessian_model"": ""exact"", ""inequality_handling_method"": ""inequality_constrained"", ""inertia_correction_strategy"": ""none""}",1,0.975610,1.3322,1.073389,120,"{""solved"": 120, ""unsolved"": 3}"
1784003743.082,"{""constraint_relaxation_strategy"": ""feasibility_restoration"", ""globalization_mechanism"": ""TR"", ""globalization_strategy"": ""waechter_filter_method"", ""hessian_model"": ""exact"", ""inequality_handling_method"": ""inequality_constrained"", ""inertia_correction_strategy"": ""primal_dual""}",1,0.000000,0.7098,0.098817,0,"{""unsolved"": 123}"
1784003771.405,"{""constraint_relaxation_strategy"": ""feasibility_restoration"", ""globalization_mechanism"": ""LS"", ""globalization_strategy"": ""funnel_method"", ""hessian_model"": ""exact"", ""inequality_handling_method"": ""inequality_constrained"", ""inertia_correction_strategy"": ""primal""}",1,0.934959,19.5576,1.002363,115,"{""solved"": 115, ""unsolved"": 8}"
1784003782.902,"{""constraint_relaxation_strategy"": ""feasibility_restoration"", ""globalization_mechanism"": ""TR"", ""globalization_strategy"": ""fletcher_filter_method"", ""hessian_model"": ""exact"", ""inequality_handling_method"": ""inequality_constrained"", ""inertia_correction_strategy"": ""none""}",1,0.975610,1.3322,1.073389,120,"{""solved"": 120, ""unsolved"": 3}"
1784003811.405,"{""constraint_relaxation_strategy"": ""feasibility_restoration"", ""globalization_mechanism"": ""TR"", ""globalization_strategy"": ""fletcher_filter_method"", ""hessian_model"": ""exact"", ""inequality_handling_method"": ""inequality_constrained"", ""inertia_correction_strategy"": ""primal""}",1,0.934959,23.5673,0.995681,115,"{""solved"": 115, ""unsolved"": 8}"
1784003835.278,"{""constraint_relaxation_strategy"": ""feasibility_restoration"", ""globalization_mechanism"": ""LS"", ""globalization_strategy"": ""funnel_method"", ""hessian_model"": ""exact"", ""inequality_handling_method"": ""inequality_constrained"", ""inertia_correction_strategy"": ""primal""}",1,0.934959,19.5576,1.002363,115,"{""solved"": 115, ""unsolved"": 8}"
